{
  "m2_contamination": 0.02,
  "m2_cv": 0.164484500438477,
  "m2_mean_pct": 2.05026455026455,
  "m5_iqr_multiplier": 2.0,
  "m5_cv": 0.5368267777279991,
  "m13_contamination": 0.02,
  "m13_cv": 0.21596118129056677
}